{"Test accuracy": 0.8016393184661865, "Test top 5 accuracy": 0.9819672107696533}