{"Test accuracy": 0.8098360896110535, "Test top 5 accuracy": 0.9786885380744934}